{"stats":{"minecraft:dropped":{"ars_nouveau:worn_notebook":1,"alexsmobs:animal_dictionary":1,"minecraft:rotten_flesh":1,"salvage_furnace:repair_rune_wood":1,"patchouli:guide_book":2},"minecraft:picked_up":{"iceandfire:dragonbone":2,"minecraft:sand":11,"minecraft:dirt":1,"minecraft:leather_helmet":1,"minecraft:rotten_flesh":2,"alexsmobs:emu_egg":2,"minecraft:bread":14},"minecraft:mined":{"minecraft:grass":1,"minecraft:grass_block":1,"minecraft:vine":1,"minecraft:sand":11,"minecraft:oak_leaves":5,"minecraft:fern":1},"minecraft:killed":{"minecraft:zombie":2},"minecraft:custom":{"minecraft:time_since_rest":13879,"minecraft:sprint_one_cm":71755,"minecraft:damage_taken":140,"minecraft:walk_one_cm":33326,"minecraft:mob_kills":1,"minecraft:drop":6,"minecraft:damage_dealt":335,"minecraft:damage_dealt_absorbed":123,"minecraft:swim_one_cm":5544,"minecraft:talked_to_villager":3,"minecraft:fly_one_cm":197359,"minecraft:open_chest":5,"minecraft:crouch_one_cm":556,"minecraft:play_time":24120,"tombstone:undead_killed":2,"minecraft:sneak_time":208,"minecraft:walk_under_water_one_cm":418,"minecraft:jump":771,"minecraft:damage_dealt_resisted":100,"minecraft:time_since_death":24120,"minecraft:walk_on_water_one_cm":1932,"minecraft:sleep_in_bed":1,"minecraft:climb_one_cm":8760,"minecraft:total_world_time":24120,"minecraft:fall_one_cm":24797},"minecraft:used":{"alexsmobs:emu_egg":2,"minecraft:bread":4,"minecraft:rotten_flesh":8,"minecraft:golden_sword":15,"minecraft:sand":11,"minecraft:dirt":1,"supplementaries:bomb":1,"alexsmobs:animal_dictionary":1}},"DataVersion":3120}