{"stats":{"minecraft:crafted":{"minecraft:oak_planks":40,"minecraft:crafting_table":1,"minecraft:stick":8,"minecraft:wooden_pickaxe":1,"minecraft:stone_pickaxe":1,"minecraft:stone_sword":1,"minecraft:stone_axe":1},"minecraft:dropped":{"reliquary:catalyzing_gland":1},"minecraft:used":{"minecraft:apple":1,"minecraft:stone_sword":3,"minecraft:stone_pickaxe":121,"minecraft:wooden_pickaxe":11,"minecraft:stone_axe":4,"minecraft:dirt":7,"minecraft:sand":4,"minecraft:cobblestone":5,"minecraft:crafting_table":1,"minecraft:andesite":1},"minecraft:custom":{"minecraft:time_since_rest":26247,"minecraft:sprint_one_cm":31365,"minecraft:walk_one_cm":23667,"minecraft:mob_kills":1,"minecraft:drop":1,"minecraft:damage_dealt":200,"minecraft:interact_with_crafting_table":10,"minecraft:swim_one_cm":3892,"minecraft:fly_one_cm":47462,"minecraft:open_chest":1,"minecraft:crouch_one_cm":362,"minecraft:play_time":26247,"minecraft:sneak_time":376,"minecraft:walk_under_water_one_cm":1031,"minecraft:jump":290,"minecraft:leave_game":2,"minecraft:walk_on_water_one_cm":1153,"minecraft:time_since_death":26247,"minecraft:total_world_time":26247,"minecraft:fall_one_cm":4356},"minecraft:killed":{"minecraft:creeper":1},"minecraft:mined":{"minecraft:cobbled_deepslate_stairs":1,"minecraft:andesite":12,"minecraft:granite":5,"minecraft:coal_ore":22,"minecraft:grass_block":6,"minecraft:oak_log":14,"minecraft:deepslate_brick_stairs":1,"minecraft:gravel":1,"minecraft:sand":4,"minecraft:dirt":15,"minecraft:copper_ore":10,"minecraft:stone":78,"minecraft:oak_leaves":6,"minecraft:sandstone":1},"minecraft:picked_up":{"minecraft:stick":1,"reliquary:catalyzing_gland":1,"minecraft:sandstone":1,"minecraft:andesite":12,"minecraft:gravel":1,"minecraft:sand":4,"minecraft:oak_log":14,"minecraft:cobbled_deepslate_stairs":1,"minecraft:dirt":21,"minecraft:raw_copper":35,"minecraft:bone":1,"minecraft:apple":1,"minecraft:gold_nugget":2,"minecraft:granite":5,"minecraft:oak_sapling":5,"minecraft:deepslate_brick_stairs":1,"minecraft:coal":20,"minecraft:cobblestone":78}},"DataVersion":3120}