{"stats":{"minecraft:killed_by":{"minecraft:husk":1},"minecraft:custom":{"minecraft:jump":29,"minecraft:time_since_rest":3879,"minecraft:deaths":1,"minecraft:crouch_one_cm":28,"minecraft:damage_taken":225,"minecraft:sprint_one_cm":4674,"minecraft:play_time":6887,"minecraft:walk_on_water_one_cm":896,"minecraft:time_since_death":0,"minecraft:walk_one_cm":1901,"minecraft:sneak_time":22,"minecraft:total_world_time":6887,"minecraft:walk_under_water_one_cm":73,"minecraft:swim_one_cm":2451,"minecraft:fall_one_cm":1254,"minecraft:fly_one_cm":11215}},"DataVersion":3120}