{"stats":{"minecraft:dropped":{"minecraft:gravel":1,"hexerei:sage_seed":10,"minecraft:iron_nugget":1,"minecraft:crafting_table":1,"minecraft:rotten_flesh":21,"evilcraft:flesh_humanoid":1,"supplementaries:flax_seeds":1,"mysticalagriculture:inferium_essence":5,"minecraft:sand":5,"minecraft:iron_bars":2,"minecraft:string":2},"minecraft:killed_by":{"iceandfire:ghost":2},"minecraft:picked_up":{"minecraft:crafting_table":3,"minecraft:wheat":6,"minecraft:cooked_beef":1,"minecraft:leather":1,"minecraft:andesite":2,"iceandfire:fire_lily":1,"minecraft:oak_log":4,"supplementaries:flax_seeds":1,"iceandfire:ectoplasm":2,"minecraft:shield":1,"iceandfire:manuscript":25,"minecraft:dirt":17,"minecraft:string":2,"minecraft:raw_copper":7,"minecraft:bone":13,"minecraft:apple":1,"mysticalagriculture:inferium_essence":5,"minecraft:wheat_seeds":6,"minecraft:gold_nugget":28,"minecraft:beef":1,"minecraft:stone_pickaxe":2,"minecraft:iron_nugget":1,"minecraft:iron_pickaxe":2,"minecraft:iron_sword":1,"hexerei:animal_fat":1,"minecraft:stick":8,"minecraft:raw_iron":30,"minecraft:sandstone":1,"iceandfire:ghost_chest":1,"minecraft:copper_ingot":23,"minecraft:torch":3,"mysticalagriculture:prosperity_shard":4,"iceandfire:silver_ore":6,"minecraft:gravel":1,"minecraft:sand":4,"mekanism:raw_osmium":3,"mekanism:raw_tin":21,"hexerei:sage_seed":10,"minecraft:stone_sword":2,"minecraft:rotten_flesh":8,"evilcraft:dark_gem":1,"minecraft:hay_block":23,"mekanism:fluorite_gem":5,"minecraft:gold_ingot":3,"supplementaries:ash":10,"minecraft:iron_bars":2,"minecraft:coal":17,"minecraft:cobblestone":21,"minecraft:diamond_pickaxe":1},"minecraft:mined":{"mysticalagriculture:prosperity_ore":1,"mekanism:osmium_ore":3,"iceandfire:silver_ore":6,"ecologics:pot":2,"minecraft:orange_terracotta":1,"minecraft:crafting_table":2,"minecraft:grass_block":7,"iceandfire:ghost_chest":1,"mekanism:tin_ore":21,"iceandfire:fire_lily":1,"minecraft:copper_ore":2,"minecraft:cobblestone":1,"mysticalagriculture:inferium_ore":1,"minecraft:sandstone":2,"minecraft:wall_torch":1,"supplementaries:urn":7,"minecraft:hay_block":23,"mekanism:fluorite_ore":2,"minecraft:iron_ore":29,"minecraft:andesite":4,"minecraft:grass":52,"minecraft:oak_log":4,"minecraft:coal_ore":17,"minecraft:vine":3,"minecraft:iron_bars":2,"minecraft:gravel":2,"minecraft:sand":4,"minecraft:dirt":14,"minecraft:stone":21,"minecraft:oak_leaves":23,"minecraft:fern":2},"minecraft:killed":{"minecraft:rabbit":1,"minecraft:spider":2,"alexsmobs:rattlesnake":1,"minecraft:skeleton":2,"minecraft:zombie":1,"minecraft:cow":1},"minecraft:custom":{"minecraft:mob_kills":9,"minecraft:interact_with_crafting_table":13,"minecraft:open_barrel":1,"goblintraders:trade_with_goblin":12,"minecraft:leave_game":1,"minecraft:time_since_death":40059,"minecraft:climb_one_cm":2575,"minecraft:time_since_rest":38727,"minecraft:sprint_one_cm":215358,"minecraft:damage_taken":988,"minecraft:walk_one_cm":276143,"minecraft:damage_blocked_by_shield":55,"minecraft:trigger_trapped_chest":8,"minecraft:drop":12,"minecraft:damage_dealt":1557,"minecraft:swim_one_cm":23168,"minecraft:fly_one_cm":281216,"minecraft:open_chest":2,"minecraft:crouch_one_cm":3389,"tombstone:undead_killed":3,"minecraft:play_time":60817,"minecraft:deaths":2,"minecraft:sneak_time":1087,"minecraft:walk_under_water_one_cm":5737,"minecraft:jump":1469,"minecraft:walk_on_water_one_cm":9556,"minecraft:total_world_time":60817,"minecraft:fall_one_cm":22489},"minecraft:used":{"minecraft:stone_sword":46,"minecraft:stone_pickaxe":65,"minecraft:bone_block":1,"minecraft:shield":2,"minecraft:sandstone":1,"minecraft:iron_sword":55,"minecraft:torch":50,"iceandfire:armor_copper_metal_boots":1,"minecraft:dirt":5,"minecraft:crafting_table":3,"iceandfire:armor_copper_metal_chestplate":1,"minecraft:bread":14,"minecraft:iron_pickaxe":62,"iceandfire:ghost_chest":1,"minecraft:cobblestone":1,"iceandfire:armor_copper_metal_helmet":1,"alexsmobs:animal_dictionary":1,"minecraft:cooked_beef":1},"minecraft:crafted":{"minecraft:oak_planks":16,"minecraft:crafting_table":2,"minecraft:air":0,"minecraft:bread":67,"iceandfire:armor_copper_metal_helmet":1,"iceandfire:armor_copper_metal_boots":1,"minecraft:stick":12,"minecraft:iron_ingot":24,"iceandfire:armor_copper_metal_chestplate":1,"minecraft:torch":48,"minecraft:wheat":207}},"DataVersion":3120}