{"stats":{"minecraft:dropped":{"alexsmobs:animal_dictionary":1,"minecraft:rotten_flesh":2},"minecraft:killed_by":{"minecraft:husk":1},"minecraft:picked_up":{"minecraft:stick":6,"minecraft:crafting_table":1,"minecraft:sandstone":9,"minecraft:chiseled_stone_bricks":1,"minecraft:cut_sandstone":1,"minecraft:stone_brick_slab":1,"minecraft:sand":1,"minecraft:stone_brick_stairs":1,"minecraft:oak_log":11,"minecraft:gunpowder":2,"minecraft:string":3,"minecraft:chiseled_sandstone":1,"minecraft:prismarine_crystals":2,"alexsmobs:animal_dictionary":1,"minecraft:dirt":13,"minecraft:stone_pressure_plate":1,"minecraft:orange_terracotta":1,"minecraft:rotten_flesh":3,"minecraft:bone":1,"minecraft:stone_bricks":1,"minecraft:stone_axe":1,"minecraft:cracked_stone_bricks":1,"minecraft:mossy_stone_bricks":5,"minecraft:oak_sapling":1,"minecraft:sugar_cane":21,"minecraft:mossy_stone_brick_stairs":1,"minecraft:coal":20,"minecraft:cobblestone":23},"minecraft:mined":{"minecraft:cut_sandstone":1,"minecraft:stone_pressure_plate":1,"ecologics:pot":4,"minecraft:fire":4,"minecraft:chiseled_sandstone":1,"minecraft:orange_terracotta":1,"minecraft:stone_brick_slab":1,"minecraft:sea_lantern":1,"minecraft:crafting_table":1,"minecraft:stone_brick_stairs":2,"minecraft:grass":1,"minecraft:mossy_stone_brick_stairs":1,"minecraft:coal_ore":20,"minecraft:grass_block":4,"minecraft:oak_log":11,"minecraft:dead_bush":1,"minecraft:dirt":9,"minecraft:cracked_stone_bricks":2,"minecraft:stone_bricks":2,"minecraft:stone":23,"minecraft:sugar_cane":14,"minecraft:mossy_stone_bricks":5,"minecraft:sandstone":9,"minecraft:oak_leaves":3,"minecraft:chiseled_stone_bricks":1},"minecraft:used":{"minecraft:stone_pickaxe":76,"minecraft:torch":1,"minecraft:stone_brick_stairs":1,"minecraft:rotten_flesh":8,"minecraft:stone_axe":17,"minecraft:sand":1,"minecraft:cobblestone":10,"minecraft:dirt":9,"minecraft:crafting_table":1},"minecraft:crafted":{"minecraft:oak_planks":20,"minecraft:crafting_table":1,"minecraft:stick":4,"minecraft:torch":4,"minecraft:stone_axe":1},"minecraft:custom":{"minecraft:time_since_rest":32408,"minecraft:sprint_one_cm":79720,"minecraft:damage_taken":295,"minecraft:walk_one_cm":49646,"minecraft:drop":3,"minecraft:swim_one_cm":2251,"minecraft:interact_with_crafting_table":4,"minecraft:fly_one_cm":73663,"minecraft:open_chest":21,"minecraft:crouch_one_cm":1334,"minecraft:play_time":34007,"minecraft:deaths":1,"minecraft:sneak_time":286,"minecraft:walk_under_water_one_cm":43,"minecraft:jump":308,"minecraft:leave_game":3,"minecraft:walk_on_water_one_cm":3011,"minecraft:time_since_death":32607,"minecraft:total_world_time":34007,"minecraft:fall_one_cm":5420}},"DataVersion":3120}