{"stats":{"minecraft:dropped":{"minecraft:bread":14,"minecraft:iron_sword":1,"minecraft:wheat_seeds":1,"minecraft:cooked_beef":1,"reliquary:mob_charm_fragment":2,"evilcraft:dark_gem":1,"minecraft:copper_ingot":23,"minecraft:iron_pickaxe":2,"minecraft:string":2,"minecraft:iron_nugget":1,"minecraft:stone_sword":1,"minecraft:raw_copper":48,"minecraft:shield":1,"minecraft:diamond_pickaxe":1,"mysticalagriculture:inferium_essence":16,"minecraft:stone_pickaxe":1,"reliquary:zombie_heart":1},"minecraft:broken":{"minecraft:leather_helmet":1,"minecraft:stone_sword":2,"minecraft:stone_pickaxe":2},"minecraft:picked_up":{"minecraft:iron_chestplate":1,"minecraft:crafting_table":2,"minecraft:turtle_helmet":1,"alexsmobs:roadrunner_feather":2,"minecraft:enchanted_book":3,"minecraft:string":10,"minecraft:red_bed":1,"minecraft:raw_copper":96,"reliquary:chelicerae":1,"mysticalagriculture:inferium_essence":72,"reliquary:zombie_heart":1,"minecraft:beef":16,"minecraft:iron_nugget":1,"minecraft:melon_slice":24,"minecraft:egg":3,"minecraft:iron_boots":1,"iceandfire:dragonbone":28,"minecraft:raw_iron":65,"minecraft:stick":5,"minecraft:sandstone":1,"apotheosis:gem":2,"minecraft:copper_ingot":1,"minecraft:torch":25,"minecraft:porkchop":1,"tombstone:grave_dust":5,"minecraft:diorite":7,"minecraft:carrot":1,"mekanism:raw_tin":14,"hexerei:sage_seed":1,"minecraft:rotten_flesh":17,"minecraft:arrow":9,"minecraft:stone_shovel":1,"minecraft:hay_block":16,"minecraft:saddle":1,"minecraft:gold_ingot":3,"reliquary:mob_charm_fragment":2,"supplementaries:ash":3,"minecraft:cobblestone":102,"minecraft:feather":2,"minecraft:andesite":9,"minecraft:leather":6,"waystones:sandy_waystone":1,"minecraft:oak_log":26,"iceandfire:ectoplasm":2,"minecraft:gunpowder":1,"minecraft:dirt":10,"bhc:red_heart":2,"minecraft:bone":7,"minecraft:wheat_seeds":1,"minecraft:raw_gold":20,"minecraft:iron_ingot":1,"minecraft:stone_pickaxe":1,"hexerei:animal_fat":4,"iceandfire:dragon_skull_fire":1,"minecraft:trapped_chest":1,"mekanism:raw_osmium":14,"minecraft:spider_eye":2,"evilcraft:dark_gem":9,"minecraft:granite":9,"alexsmobs:maggot":1,"minecraft:oak_sapling":15,"minecraft:coal":129},"minecraft:mined":{"minecraft:cobbled_deepslate_stairs":1,"minecraft:granite":10,"minecraft:grass_block":1,"minecraft:sandstone":1,"mysticalagriculture:inferium_ore":15,"minecraft:spawner":1,"minecraft:hay_block":16,"minecraft:iron_ore":66,"minecraft:fire":1,"minecraft:andesite":9,"evilcraft:dark_ore":2,"minecraft:bookshelf":1,"minecraft:vine":1,"minecraft:deepslate_brick_stairs":1,"minecraft:stone":100,"mekanism:osmium_ore":14,"ecologics:pot":2,"minecraft:red_bed":1,"minecraft:crafting_table":2,"minecraft:torch":2,"minecraft:melon":5,"mekanism:tin_ore":14,"minecraft:copper_ore":14,"minecraft:diorite":7,"supplementaries:urn":3,"minecraft:trapped_chest":1,"minecraft:grass":3,"minecraft:oak_log":26,"minecraft:coal_ore":127,"minecraft:dirt":7,"minecraft:cobweb":4,"minecraft:gold_ore":12,"minecraft:infested_stone":2,"minecraft:oak_leaves":13,"minecraft:fern":3},"minecraft:killed":{"minecraft:spider":4,"minecraft:skeleton":6,"more_babies:spider":1,"minecraft:silverfish":3,"minecraft:drowned":3,"rottencreatures:flying_scarab":26,"rottencreatures:undead_miner":4,"minecraft:husk":3,"minecraft:pig":1,"graveyard:ghoul":1,"minecraft:zombie":8,"iceandfire:ghost":4,"alexsmobs:roadrunner":1,"minecraft:cow":9},"minecraft:custom":{"minecraft:mob_kills":74,"minecraft:interact_with_crafting_table":40,"minecraft:open_barrel":2,"goblintraders:trade_with_goblin":24,"minecraft:damage_dealt_resisted":0,"minecraft:time_since_death":71091,"minecraft:climb_one_cm":4335,"minecraft:sprint_one_cm":285824,"minecraft:walk_one_cm":139004,"minecraft:damage_blocked_by_shield":155,"minecraft:drop":35,"minecraft:play_time":71091,"minecraft:sneak_time":1310,"minecraft:walk_under_water_one_cm":15902,"minecraft:jump":2181,"minecraft:walk_on_water_one_cm":22489,"minecraft:total_world_time":71091,"minecraft:interact_with_furnace":27,"minecraft:sleep_in_bed":1,"minecraft:time_since_rest":9561,"minecraft:damage_taken":2149,"minecraft:trigger_trapped_chest":24,"minecraft:damage_dealt":9437,"minecraft:swim_one_cm":22032,"minecraft:fly_one_cm":506223,"minecraft:open_chest":17,"minecraft:crouch_one_cm":2394,"tombstone:undead_killed":29,"minecraft:fall_one_cm":60799},"minecraft:used":{"minecraft:stone_sword":257,"minecraft:shield":5,"minecraft:iron_sword":58,"minecraft:rotten_flesh":9,"minecraft:iron_chestplate":1,"minecraft:torch":58,"minecraft:dirt":9,"minecraft:granite":1,"minecraft:furnace":1,"minecraft:trapped_chest":1,"minecraft:cooked_beef":5,"minecraft:bundle":1,"minecraft:stone_pickaxe":263,"minecraft:wooden_pickaxe":3,"minecraft:crafting_table":3,"minecraft:red_bed":1,"minecraft:bread":29,"minecraft:oak_button":1,"minecraft:iron_pickaxe":138,"minecraft:stone_axe":31,"quark:oak_chest":2,"minecraft:cobweb":4},"minecraft:crafted":{"minecraft:oak_planks":104,"minecraft:furnace":1,"sophisticatedbackpacks:copper_backpack":1,"minecraft:stone_pickaxe":3,"minecraft:oak_button":1,"sophisticatedbackpacks:iron_backpack":1,"minecraft:wheat":144,"minecraft:cooked_beef":6,"sophisticatedbackpacks:backpack":1,"minecraft:crafting_table":1,"minecraft:wooden_pickaxe":1,"minecraft:iron_sword":2,"minecraft:copper_ingot":48,"sophisticatedbackpacks:gold_backpack":1,"minecraft:stone_axe":1,"minecraft:bread":48,"minecraft:air":0,"minecraft:shield":2,"minecraft:stick":40,"quark:oak_chest":3,"minecraft:iron_ingot":42,"minecraft:iron_pickaxe":4,"minecraft:stone_sword":3,"minecraft:gold_ingot":18,"minecraft:torch":80}},"DataVersion":3120}