{
  "betterdungeons:root": {
    "criteria": {
      "always": "2024-06-18 19:53:01 +0000"
    },
    "done": true
  },
  "naturescompass:natures_compass": {
    "criteria": {
      "has_compass": "2024-06-18 19:53:01 +0000"
    },
    "done": true
  },
  "minecraft:story/mine_stone": {
    "criteria": {
      "get_stone": "2024-06-18 19:56:56 +0000"
    },
    "done": true
  },
  "minecraft:recipes/woodcutting/oak/oak_boat_from_oak_planks_woodcutting": {
    "criteria": {
      "give_recipe": "2024-06-18 19:55:26 +0000"
    },
    "done": true
  },
  "morevillagers:root": {
    "criteria": {
      "always": "2024-06-18 19:53:01 +0000"
    },
    "done": true
  },
  "tombstone:adventure/create_magic_scroll": {
    "criteria": {
      "has_magic_scroll": "2024-06-18 19:54:37 +0000"
    },
    "done": true
  },
  "minecraft:adventure/adventuring_time": {
    "criteria": {
      "minecraft:river": "2024-06-18 20:48:38 +0000",
      "minecraft:forest": "2024-06-18 19:54:59 +0000",
      "minecraft:desert": "2024-06-18 19:53:02 +0000",
      "minecraft:jungle": "2024-06-18 20:45:48 +0000",
      "minecraft:savanna": "2024-06-18 19:55:28 +0000"
    },
    "done": false
  },
  "minecraft:recipes/woodcutting/oak/oak_fence_gate_from_oak_planks_woodcutting": {
    "criteria": {
      "give_recipe": "2024-06-18 19:55:26 +0000"
    },
    "done": true
  },
  "ars_nouveau:root": {
    "criteria": {
      "ars_nouveau:worn_notebook": "2024-06-18 19:53:01 +0000"
    },
    "done": true
  },
  "salvage_furnace:a_wood_rune": {
    "criteria": {
      "a_wood_rune": "2024-06-18 19:53:01 +0000"
    },
    "done": true
  },
  "iceandfire:iceandfire/root": {
    "criteria": {
      "tick": "2024-06-18 19:53:01 +0000"
    },
    "done": true
  },
  "minecraft:husbandry/root": {
    "criteria": {
      "consumed_item": "2024-06-18 19:58:32 +0000"
    },
    "done": true
  },
  "salvage_furnace:salvage_furnace_advanced": {
    "criteria": {
      "salvage_furnace_advanced": "2024-06-18 19:53:01 +0000"
    },
    "done": true
  },
  "minecraft:recipes/woodcutting/oak/oak_sign_from_oak_planks_woodcutting": {
    "criteria": {
      "give_recipe": "2024-06-18 19:55:26 +0000"
    },
    "done": true
  },
  "apotheosis:affix/chests": {
    "criteria": {
      "sword": "2024-06-18 19:54:40 +0000"
    },
    "done": true
  },
  "apotheosis:give_book": {
    "criteria": {
      "tick": "2024-06-18 19:53:01 +0000"
    },
    "done": true
  },
  "minecraft:adventure/root": {
    "criteria": {
      "killed_by_something": "2024-06-18 19:54:08 +0000"
    },
    "done": true
  },
  "mowziesmobs:root": {
    "criteria": {
      "custom_test_name": "2024-06-18 19:53:01 +0000"
    },
    "done": true
  },
  "minecraft:recipes/woodcutting/oak/oak_pressure_plate_from_oak_planks_woodcutting": {
    "criteria": {
      "give_recipe": "2024-06-18 19:55:26 +0000"
    },
    "done": true
  },
  "minecraft:recipes/woodcutting/oak/oak_slab_from_oak_planks_woodcutting": {
    "criteria": {
      "give_recipe": "2024-06-18 19:55:26 +0000"
    },
    "done": true
  },
  "minecraft:recipes/woodcutting/oak/chest_from_oak_planks_woodcutting": {
    "criteria": {
      "give_recipe": "2024-06-18 19:55:26 +0000"
    },
    "done": true
  },
  "apotheosis:affix/root": {
    "criteria": {
      "sword": "2024-06-18 19:54:40 +0000"
    },
    "done": true
  },
  "minecraft:recipes/woodcutting/oak/oak_trapdoor_from_oak_planks_woodcutting": {
    "criteria": {
      "give_recipe": "2024-06-18 19:55:26 +0000"
    },
    "done": true
  },
  "minecraft:recipes/woodcutting/oak/oak_door_from_oak_planks_woodcutting": {
    "criteria": {
      "give_recipe": "2024-06-18 19:55:26 +0000"
    },
    "done": true
  },
  "minecraft:recipes/woodcutting/oak/oak_fence_from_oak_planks_woodcutting": {
    "criteria": {
      "give_recipe": "2024-06-18 19:55:26 +0000"
    },
    "done": true
  },
  "tombstone:adventure/root": {
    "criteria": {
      "auto": "2024-06-18 19:53:02 +0000"
    },
    "done": true
  },
  "salvage_furnace:give_guide": {
    "criteria": {
      "give_guide": "2024-06-18 19:53:01 +0000"
    },
    "done": true
  },
  "cataclysm:root": {
    "criteria": {
      "custom_test_name": "2024-06-18 19:53:01 +0000"
    },
    "done": true
  },
  "minecraft:recipes/woodcutting/oak/crafting_table_from_oak_planks_woodcutting": {
    "criteria": {
      "give_recipe": "2024-06-18 19:55:26 +0000"
    },
    "done": true
  },
  "mekanism:root": {
    "criteria": {
      "automatic": "2024-06-18 19:53:01 +0000"
    },
    "done": true
  },
  "minecraft:husbandry/balanced_diet": {
    "criteria": {
      "rotten_flesh": "2024-06-18 19:58:32 +0000"
    },
    "done": false
  },
  "tombstone:recipes/from_grave_key": {
    "criteria": {
      "has_ingredient": "2024-06-18 19:54:11 +0000"
    },
    "done": true
  },
  "minecraft:recipes/woodcutting/oak/barrel_from_oak_planks_woodcutting": {
    "criteria": {
      "give_recipe": "2024-06-18 19:55:26 +0000"
    },
    "done": true
  },
  "minecraft:recipes/woodcutting/oak/oak_chest_boat_from_oak_planks_woodcutting": {
    "criteria": {
      "give_recipe": "2024-06-18 19:55:26 +0000"
    },
    "done": true
  },
  "endrem:main/root": {
    "criteria": {
      "old_eye": "2024-06-18 20:49:47 +0000"
    },
    "done": true
  },
  "unstructured:temple_dungeon": {
    "criteria": {
      "in_temple_dungeon": "2024-06-18 20:47:04 +0000"
    },
    "done": true
  },
  "apotheosis:affix/gem": {
    "criteria": {
      "gem": "2024-06-18 20:50:21 +0000"
    },
    "done": true
  },
  "minecraft:recipes/woodcutting/oak/oak_stairs_from_oak_planks_woodcutting": {
    "criteria": {
      "give_recipe": "2024-06-18 19:55:26 +0000"
    },
    "done": true
  },
  "minecraft:recipes/woodcutting/oak/oak_planks_from_oak_log_woodcutting": {
    "criteria": {
      "give_recipe": "2024-06-18 19:54:55 +0000"
    },
    "done": true
  },
  "naturescompass:natures_compass_log": {
    "criteria": {
      "has_recipe": "2024-06-18 19:53:01 +0000"
    },
    "done": true
  },
  "naturescompass:natures_compass_sapling": {
    "criteria": {
      "has_recipe": "2024-06-18 19:53:01 +0000"
    },
    "done": true
  },
  "minecraft:story/mine_diamond": {
    "criteria": {
      "diamond": "2024-06-18 20:49:40 +0000"
    },
    "done": true
  },
  "minecraft:story/upgrade_tools": {
    "criteria": {
      "stone_pickaxe": "2024-06-18 19:54:40 +0000"
    },
    "done": true
  },
  "tombstone:adventure/first_grave": {
    "criteria": {
      "coded_trigger": "2024-06-18 19:54:08 +0000"
    },
    "done": true
  },
  "minecraft:story/root": {
    "criteria": {
      "crafting_table": "2024-06-18 19:56:33 +0000"
    },
    "done": true
  },
  "supplementaries:adventure/way_sign": {
    "criteria": {
      "bastion": "2024-06-18 19:56:16 +0000"
    },
    "done": true
  },
  "endrem:main/old_eye": {
    "criteria": {
      "old_eye": "2024-06-18 20:49:47 +0000"
    },
    "done": true
  },
  "minecraft:recipes/woodcutting/oak/oak_button_from_oak_planks_woodcutting": {
    "criteria": {
      "give_recipe": "2024-06-18 19:55:26 +0000"
    },
    "done": true
  },
  "artifacts:amateur_archaeologist": {
    "criteria": {
      "find_artifact": "2024-06-18 20:49:40 +0000"
    },
    "done": true
  },
  "DataVersion": 3120
}